Company,Address
Ramshaw,"1002 S. Second St., Champaign"
Ramshaw,"1010 S. First St., Champaign"
Ramshaw,"1012 S. First St., Champaign"
Ramshaw,"102 N. Gregory St, Urbana"
Ramshaw,"107 E. Daniel, Champaign"
Ramshaw,"107 S. Wright St, Champaign"
Ramshaw,"109 W. Church, Savoy"
Ramshaw,"110 & 112 Tomaras Ave, Savoy"
Ramshaw,"1105 W. Main St, Urbana"
Ramshaw,"1105 W. Oregon St., Urbana"
Ramshaw,"1107 W. Oregon St., Urbana"
Ramshaw,"1108 W. Nevada St., Urbana"
Ramshaw,"1110 W. Stoughton St, Urbana"
Ramshaw,"1604B Lyndhurst, Savoy"
Ramshaw,"1606 W. Healey St, Champaign"
Ramshaw,"201 S. Elm St, Champaign"
Ramshaw,"202 Munroe St., Bondville"
Ramshaw,"202 W. Columbia Ave., Champaign"
Ramshaw,"208 W. Washington St., Champaign"
Ramshaw,"209 N. Coler, Urbana"
Ramshaw,"210 W. Washington St., Champaign"
Ramshaw,"212 W. Washington St., Champaign"
Ramshaw,"2407 Carrelton, Champaign"
Ramshaw,"2407 John, Champaign"
Ramshaw,"3 Angela Court, Savoy"
Ramshaw,"302 S. Cedar St., Urbana"
Ramshaw,"303 & 305 E Clark, Champaign"
Ramshaw,"305 E John St., Champaign"
Ramshaw,"308 E. Clark St, Champaign"
Ramshaw,308 W Green St Urbana
Ramshaw,"310 E. Chalmers St., Champaign"
Ramshaw,"310 W. Green St., Urbana"
Ramshaw,"311 Columbia, Champaign"
Ramshaw,"312 Columbia, Champaign"
Ramshaw,"312 W. Springfield Ave., Urbana"
Ramshaw,"312 W. Springfield, Champaign"
Ramshaw,"402 S. Race St., Urbana"
Ramshaw,"404 S. Busey, Urbana"
Ramshaw,"412 Church, Champaign"
Ramshaw,"508 W Columbia, Champaign"
Ramshaw,"509 N Willis Ave, Champaign"
Ramshaw,"509 W. Main St, Urbana"
Ramshaw,"510 S. Mattis Ave, Champaign"
Ramshaw,"59 E. John St., Champaign"
Ramshaw,"605 W. Green St., Urbana"
Ramshaw,"606 W. Healey St, Champaign"
Ramshaw,"616 W. Healey, Champaign"
Ramshaw,"702 W. Western Ave, Urbana"
Ramshaw,"703 W. Park Ave., Champaign"
Ramshaw,"704 Stoughton St., Urbana"
Ramshaw,"705 W. Main St., Urbana"
Ramshaw,"706 S. Locust, Champaign"
Ramshaw,"802 W. Iowa St., Urbana IL"
Ramshaw,"804 W. Church St, Champaign"
Ramshaw,"905 S. Second St., Champaign"
Ramshaw,Busey Lincoln Apartments
Ramshaw,"Capstone Quarters, Champaign"
Ramshaw,"Cobblefield Condos, Champaign"
Ramshaw,"Crescent Drive, Champaign"
Ramshaw,"Kobuck Apartments, Savoy"
Ramshaw,"Park Place – Plymouth, Champaign"
Ramshaw,"Parkland Cove, Champaign"
Ramshaw,"Parkview Apartments – 111 Park, Urbana"
Ramshaw,"Pomona Drive Condos, Champaign"
Ramshaw,"Prestwick Point Apartments, Champaign"
Ramshaw,"Single Family Homes, Champaign"
Ramshaw,"Southwest Place – 1901-1902 Karen Ct, Champaign"
Ramshaw,"Southwest Place – 2403 Leeper, Champaign"
Ramshaw,"Southwest Place – 2404 Leeper, Champaign"
Ramshaw,"Southwest Place – 2502 Myers Ct, Champaign"
Ramshaw,"Southwest Place – 2503 Leeper Dr, Champaign"
Ramshaw,"Southwest Place – 2504 Leeper, Champaign"
Ramshaw,"Southwest Place – 2504 Myers, Champaign"
Ramshaw,"Southwest Place – 2508 Myers, Champaign"
Ramshaw,"Southwest Place – 2509 Leeper, Champaign"
Ramshaw,"Southwest Place – 2510 Myers, Champaign"
Ramshaw,"Southwest Place – 2517-2525 Leeper Dr, Champaign"
Ramshaw,"Southwest Place- 1907 Nancy, Champaign"
Ramshaw,"Stratford Residences, Urbana"
Ramshaw,"Tuscany Ridge, Champaign"
